<?xml version="1.0" encoding="UTF-8" standalone="yes"?>
<verifylog operation="Verify" name="Planner" structure="Macintosh HD:Users:kbrooks:Documents:4D_WORKSPACE:Summit_speaker_050814:2014 Summit Pres:Demo DB:Planner.4DB" data="Macintosh HD:Users:kbrooks:Documents:4D_WORKSPACE:Summit_speaker_050814:2014 Summit Pres:Demo DB:Planner.4DD" os="Mac OS X (10.9.4)">
<start_timer time="2014-08-31T22:21:10-07:00"/>
<step title="Opening the database in maintenance mode">
</step>
<step title="Verify the internal database of the structure">
	<step title="Check bit tables for segment 1">
	</step>
	<step title="Check bit tables for segment 65">
	</step>
	<step title="Checking auto sequence number definitions">
	</step>
	<step title="Checking chained list of deleted auto sequence number def initions">
	</step>
	<step title="Checking data table definitions">
	</step>
	<step title="Checking chained list of deleted table definitions">
	</step>
	<step title="Checking index definitions">
	</step>
	<step title="Checking chained list of deleted index definitions">
	</step>
	<step title="Checking backup index definitions">
	</step>
	<step title="Checking chained list of deleted backup index definitions">
	</step>
	<step title="Load data tables">
		<step title="Checking data table headers">
		</step>
		<step title="Checking chained list of deleted data table headers">
		</step>
	</step>
	<step title="Checking BLOBs in table Resources">
	</step>
	<step title="Checking list of deleted BLOBs in table Resources">
	</step>
	<step title="Checking records in table Resources">
	</step>
	<step title="Checking list of deleted records in table Resources">
	</step>
	<step title="Checking BLOBs in table [Table#0]">
	</step>
	<step title="Checking list of deleted BLOBs in table [Table#0]">
	</step>
	<step title="Checking records in table [Table#0]">
	</step>
	<step title="Checking list of deleted records in table [Table#0]">
	</step>
	<step title="Checking index B-tree Index 0 on kind (TYPE only)">
		<step title="Checking index page addresses on B-tree Index 0 on kind (TYPE only)">
		</step>
		<step title="Checking index pages on B-tree Index 0 on kind (TYPE only)">
		</step>
	</step>
	<step title="Checking index B-tree Index 1 on stamp (stamp)">
		<step title="Checking index page addresses on B-tree Index 1 on stamp (stamp)">
		</step>
		<step title="Checking index pages on B-tree Index 1 on stamp (stamp)">
		</step>
	</step>
	<step title="Checking index B-tree Index 2 on kind , id (TYPE and ID)">
		<step title="Checking index page addresses on B-tree Index 2 on kind , id (TYPE and ID)">
		</step>
		<step title="Checking index pages on B-tree Index 2 on kind , id (TYPE and ID)">
		</step>
	</step>
</step>
<step title="Check Database Methods">
	<step title="On Startup">
		<info>On Startup : 2 lines</info>
	</step>
	<step title="On Drop">
		<info>On Drop : 1 lines</info>
	</step>
</step>
<step title="Check Trigger Methods">
	<step title="(TRIPS)">
		<info>(TRIPS) : 1 lines</info>
	</step>
</step>
<step title="Check Project Methods">
	<step title="PLANNER_FORM_METHOD">
		<info>PLANNER_FORM_METHOD : 140 lines</info>
	</step>
	<step title="_test">
		<info>_test : 17 lines</info>
	</step>
	<step title="PLANNER_CONFIG">
		<info>PLANNER_CONFIG : 86 lines</info>
	</step>
	<step title="PLANNER_DECLARE_ARRAYS">
		<info>PLANNER_DECLARE_ARRAYS : 31 lines</info>
	</step>
	<step title="PLANNER_DELETE_ArrayRow">
		<info>PLANNER_DELETE_ArrayRow : 31 lines</info>
	</step>
	<step title="MATH_Min">
		<info>MATH_Min : 30 lines</info>
	</step>
	<step title="Planner_draw_form">
		<info>Planner_draw_form : 119 lines</info>
	</step>
	<step title="(Planner_draw_objects)">
		<info>(Planner_draw_objects) : 23 lines</info>
	</step>
	<step title="Planner_draw_view">
		<info>Planner_draw_view : 74 lines</info>
	</step>
	<step title="Planner_EDIT_APPOINTMENT">
		<info>Planner_EDIT_APPOINTMENT : 12 lines</info>
	</step>
	<step title="Planner_get_dateAtClick">
		<info>Planner_get_dateAtClick : 19 lines</info>
	</step>
	<step title="Planner_get_decHour">
		<info>Planner_get_decHour : 16 lines</info>
	</step>
	<step title="Planner_get_folder">
		<info>Planner_get_folder : 53 lines</info>
	</step>
	<step title="Planner_get_positonByTime">
		<info>Planner_get_positonByTime : 29 lines</info>
	</step>
	<step title="Planner_get_timeAtClick">
		<info>Planner_get_timeAtClick : 70 lines</info>
	</step>
	<step title="Planner_move_object">
		<info>Planner_move_object : 84 lines</info>
	</step>
	<step title="Planner_object_manager">
		<info>Planner_object_manager : 193 lines</info>
	</step>
	<step title="Planner_on_drop">
		<info>Planner_on_drop : 90 lines</info>
	</step>
	<step title="(Planner_set_colHeaderArray)">
		<info>(Planner_set_colHeaderArray) : 84 lines</info>
	</step>
	<step title="Appt_create">
		<info>Appt_create : 22 lines</info>
	</step>
	<step title="(Compiler_Variables)">
		<info>(Compiler_Variables) : 21 lines</info>
	</step>
	<step title="(Compiler_Arrays)">
		<info>(Compiler_Arrays) : 16 lines</info>
	</step>
	<step title="(Compiler_Methods)">
		<info>(Compiler_Methods) : 60 lines</info>
	</step>
	<step title="4D_FormEvent_text">
		<info>4D_FormEvent_text : 145 lines</info>
	</step>
	<step title="FormObject_exists">
		<info>FormObject_exists : 16 lines</info>
	</step>
	<step title="Planner_get_arraysServer">
		<info>Planner_get_arraysServer : 69 lines</info>
	</step>
	<step title="Date_get_firstOfWeek">
		<info>Date_get_firstOfWeek : 43 lines</info>
	</step>
	<step title="Math_Divide">
		<info>Math_Divide : 45 lines</info>
	</step>
	<step title="OBJECT_CLEAR">
		<info>OBJECT_CLEAR : 23 lines</info>
	</step>
	<step title="(Compiler_Variables_1)">
		<info>(Compiler_Variables_1) : 16 lines</info>
	</step>
	<step title="(Compiler_Arrays_1)">
		<info>(Compiler_Arrays_1) : 12 lines</info>
	</step>
	<step title="(Compiler_Methods_1)">
		<info>(Compiler_Methods_1) : 48 lines</info>
	</step>
	<step title="Compiler_Variables">
		<info>Compiler_Variables : 25 lines</info>
	</step>
	<step title="Compiler_Arrays">
		<info>Compiler_Arrays : 16 lines</info>
	</step>
	<step title="Compiler_Methods">
		<info>Compiler_Methods : 61 lines</info>
	</step>
	<step title="ToDo_FORM_METHOD">
		<info>ToDo_FORM_METHOD : 91 lines</info>
	</step>
	<step title="ToDo_LOAD_ARRAYS">
		<info>ToDo_LOAD_ARRAYS : 18 lines</info>
	</step>
	<step title="ToDo_START_PROCESS">
		<info>ToDo_START_PROCESS : 35 lines</info>
	</step>
	<step title="PLANNER_START_PROCESS">
		<info>PLANNER_START_PROCESS : 33 lines</info>
	</step>
	<step title="Startup">
		<info>Startup : 164 lines</info>
	</step>
	<step title="(PLANNER_CALENDAR_METHOD)">
		<info>(PLANNER_CALENDAR_METHOD) : 41 lines</info>
	</step>
	<info>41 project methods</info>
</step>
<step title="Check Project Forms">
	<step title="oldPlanner_dlog">
		<step title="oldPlanner_dlog">
			<info>oldPlanner_dlog : 8 lines</info>
		</step>
		<step title="oldPlanner_dlog.Page1.btn_col1 ()">
			<info>oldPlanner_dlog.Page1.btn_col1 () : 8 lines</info>
		</step>
		<step title="oldPlanner_dlog.Page1.btn_col2 ()">
			<info>oldPlanner_dlog.Page1.btn_col2 () : 8 lines</info>
		</step>
		<step title="oldPlanner_dlog.Page1.btn_col3 ()">
			<info>oldPlanner_dlog.Page1.btn_col3 () : 8 lines</info>
		</step>
		<step title="oldPlanner_dlog.Page1.xxplanObj_Pic_0 (vPlanner_objPic_1)">
			<info>oldPlanner_dlog.Page1.xxplanObj_Pic_0 (vPlanner_objPic_1) : 9 lines</info>
		</step>
		<step title="oldPlanner_dlog.Page1.apptObj_text_0 ()">
			<info>oldPlanner_dlog.Page1.apptObj_text_0 () : 8 lines</info>
		</step>
		<step title="oldPlanner_dlog.Page1.btn_col4 ()">
			<info>oldPlanner_dlog.Page1.btn_col4 () : 8 lines</info>
		</step>
		<step title="oldPlanner_dlog.Page1.btn_col5 ()">
			<info>oldPlanner_dlog.Page1.btn_col5 () : 8 lines</info>
		</step>
		<step title="oldPlanner_dlog.Page1.btn_col6 ()">
			<info>oldPlanner_dlog.Page1.btn_col6 () : 8 lines</info>
		</step>
		<step title="oldPlanner_dlog.Page1.btn_col7 ()">
			<info>oldPlanner_dlog.Page1.btn_col7 () : 8 lines</info>
		</step>
		<step title="oldPlanner_dlog.Page1.btn_config ()">
			<info>oldPlanner_dlog.Page1.btn_config () : 8 lines</info>
		</step>
		<step title="oldPlanner_dlog.Page1.plannerCalendar">
			<info>oldPlanner_dlog.Page1.plannerCalendar : 17 lines</info>
		</step>
		<step title="oldPlanner_dlog.Page1.btn_reload ()">
			<info>oldPlanner_dlog.Page1.btn_reload () : 7 lines</info>
		</step>
		<step title="oldPlanner_dlog.Page1.btn_printSched ()">
			<info>oldPlanner_dlog.Page1.btn_printSched () : 7 lines</info>
		</step>
	</step>
	<step title="Planner_dlog">
		<step title="Planner_dlog">
			<info>Planner_dlog : 9 lines</info>
		</step>
		<step title="Planner_dlog.Page1.plannerCalendar">
			<info>Planner_dlog.Page1.plannerCalendar : 8 lines</info>
		</step>
		<step title="Planner_dlog.Page1.btn_reload ()">
			<info>Planner_dlog.Page1.btn_reload () : 7 lines</info>
		</step>
		<step title="Planner_dlog.Page1.xxplanObj_Pic_0 (vPlanner_objPic_1)">
			<info>Planner_dlog.Page1.xxplanObj_Pic_0 (vPlanner_objPic_1) : 9 lines</info>
		</step>
		<step title="Planner_dlog.Page1.apptObj_text_0 ()">
			<info>Planner_dlog.Page1.apptObj_text_0 () : 8 lines</info>
		</step>
		<step title="Planner_dlog.Page1.btn_col1 ()">
			<info>Planner_dlog.Page1.btn_col1 () : 8 lines</info>
		</step>
		<step title="Planner_dlog.Page1.btn_col2 ()">
			<info>Planner_dlog.Page1.btn_col2 () : 8 lines</info>
		</step>
		<step title="Planner_dlog.Page1.btn_col3 ()">
			<info>Planner_dlog.Page1.btn_col3 () : 8 lines</info>
		</step>
		<step title="Planner_dlog.Page1.btn_col4 ()">
			<info>Planner_dlog.Page1.btn_col4 () : 8 lines</info>
		</step>
		<step title="Planner_dlog.Page1.btn_col5 ()">
			<info>Planner_dlog.Page1.btn_col5 () : 8 lines</info>
		</step>
		<step title="Planner_dlog.Page1.btn_col6 ()">
			<info>Planner_dlog.Page1.btn_col6 () : 8 lines</info>
		</step>
		<step title="Planner_dlog.Page1.btn_col7 ()">
			<info>Planner_dlog.Page1.btn_col7 () : 8 lines</info>
		</step>
		<step title="Planner_dlog.Page1.btn_config ()">
			<info>Planner_dlog.Page1.btn_config () : 7 lines</info>
		</step>
	</step>
	<step title="User_Config">
	</step>
	<info>3 project forms</info>
</step>
<step title="Check Table Forms">
	<step title="[APPOINTMENTS].Input">
		<step title="[APPOINTMENTS].Input.Page1.vRecNum (vRecNum)">
			<info>[APPOINTMENTS].Input.Page1.vRecNum (vRecNum) : 5 lines</info>
		</step>
	</step>
	<step title="[APPOINTMENTS].Output">
	</step>
	<step title="[To_DoList].Input">
		<step title="[To_DoList].Input.Page1.vRecNum (vRecNum)">
			<info>[To_DoList].Input.Page1.vRecNum (vRecNum) : 5 lines</info>
		</step>
	</step>
	<step title="[To_DoList].Output">
	</step>
	<step title="[To_DoList].ToDo_picker">
		<step title="[To_DoList].ToDo_picker">
			<info>[To_DoList].ToDo_picker : 8 lines</info>
		</step>
		<step title="[To_DoList].ToDo_picker.Page1.aToDo_box">
			<info>[To_DoList].ToDo_picker.Page1.aToDo_box : 8 lines</info>
		</step>
		<step title="[To_DoList].ToDo_picker.Page1.btn_action ()">
			<info>[To_DoList].ToDo_picker.Page1.btn_action () : 8 lines</info>
		</step>
	</step>
	<info>5 table forms</info>
</step>
<step title="Check User and Group information">
</step>
<step title="Check help tips">
</step>
<step title="Check the folders of the Explorer">
	<step title="Trash">
	</step>
	<step title="Default Folder">
	</step>
	<step title="Default Tables">
	</step>
	<step title="Default Forms">
	</step>
	<step title="Default Project Methods">
	</step>
</step>
<step title="Check menu bars and menus">
</step>
<step title="Check Lists">
</step>
<step title="Check Orphan Methods">
</step>
<stop_timer time="2014-08-31T22:21:10-07:00" success="true" user_canceled="false"/>
</verifylog>
